resolve,firstSeen,lastSeen,source,tags
igresellers.com,4/19/2018 4:49,12/13/2020 18:14,riskiq,
boltpanel.com,4/20/2018 0:43,12/13/2020 18:14,riskiq,
onesmm.ru,6/16/2018 7:12,12/13/2020 18:14,riskiq,
mtab3en.com,6/18/2018 15:03,12/13/2020 18:14,riskiq,
smmxoxo.com,5/28/2018 13:44,12/13/2020 18:14,riskiq,
followerin.com,4/19/2018 10:40,12/13/2020 18:14,riskiq,
ogpanel.com,5/30/2018 1:05,12/13/2020 18:14,riskiq,
gainfollowerz.com,4/19/2018 10:29,12/13/2020 18:14,riskiq,
autosmo.com,4/19/2018 0:40,12/13/2020 18:14,pingly|riskiq,
gofastpanel.com,4/17/2018 5:14,12/13/2020 18:14,riskiq,
smmfollows.com,4/19/2018 1:04,12/13/2020 18:14,riskiq,
socialgrowmidia.com,6/20/2018 13:25,12/13/2020 18:14,riskiq,
jonlikes.com,5/14/2018 17:24,12/13/2020 18:14,riskiq,
ar5es.com,4/19/2018 6:01,12/13/2020 18:14,riskiq,
fastestpanels.com,7/9/2018 10:36,12/13/2020 18:14,riskiq,
ip228.ip-54-37-92.eu,4/19/2018 15:28,12/13/2020 18:14,riskiq,
sosyalabone.com,4/20/2018 16:11,12/13/2020 18:14,riskiq,
hotfblive.com,6/27/2018 7:08,12/13/2020 18:14,riskiq,
porosteknoloji.com,4/19/2018 0:49,12/13/2020 18:14,riskiq,
thepanel.ru,7/3/2018 7:05,12/13/2020 18:14,riskiq,
smma.ru,4/20/2018 17:31,12/13/2020 18:14,riskiq,
smoseller.ru,4/20/2018 17:37,12/13/2020 18:14,riskiq,
smm-liderpanel.ru,5/16/2018 3:31,12/13/2020 18:14,riskiq,
shopmidia.com,5/15/2018 3:14,12/13/2020 18:14,riskiq,
instapoppinpalace.com,4/19/2018 11:02,12/13/2020 18:14,riskiq,
peakerr.com,4/19/2018 13:38,12/13/2020 18:14,riskiq,
socialpanel24.com,4/19/2018 12:20,12/13/2020 18:14,riskiq,
medyabayim.com,5/3/2018 13:47,12/13/2020 18:14,riskiq,
lofollowers.com,7/2/2018 0:28,12/13/2020 18:14,riskiq,
duvum.com,5/5/2018 19:28,12/13/2020 18:14,riskiq,
ismm.su,4/17/2018 5:05,12/13/2020 18:14,riskiq,
igprovider.com,5/22/2018 18:04,12/13/2020 18:14,riskiq,
rssmmpanel.com,7/9/2018 10:44,12/13/2020 18:14,riskiq,
statussociais.com,6/21/2018 12:53,12/13/2020 18:14,riskiq,
arfollowers.com,5/25/2018 12:22,12/13/2020 18:14,riskiq,
driftpanel.com,5/17/2018 23:33,12/13/2020 18:14,riskiq,
benzsmm.com,5/23/2018 1:10,12/13/2020 18:14,riskiq,
smmnexa.com,5/24/2018 2:09,12/13/2020 18:14,riskiq,
socialexciter.com,5/21/2018 21:29,12/13/2020 18:14,riskiq,
social51.com,5/20/2018 7:08,12/13/2020 18:14,riskiq,
begeni-abone.com,7/16/2018 1:23,12/13/2020 18:14,riskiq,
painelteia.com,5/15/2018 19:42,12/13/2020 18:14,riskiq,
elmabayi.com,5/23/2018 4:23,12/13/2020 18:14,riskiq,
ultra-fame.net,4/20/2018 2:45,12/13/2020 18:14,riskiq,
mistersmm.com,6/8/2018 14:44,12/13/2020 18:14,riskiq,
myperfectpanel.com,4/18/2018 13:13,12/13/2020 18:14,riskiq,
takipcibaba.com,6/8/2018 5:43,12/13/2020 18:14,riskiq,
pricesmm.ru,5/25/2018 19:43,12/13/2020 18:14,riskiq,
seguidores.fans,5/28/2018 10:34,12/13/2020 18:14,riskiq,
socialcube.tech,4/20/2018 9:14,12/13/2020 18:14,riskiq,
smpcentre.com,6/18/2018 10:29,12/13/2020 18:14,riskiq,
instacollersbayi.com,4/19/2018 22:02,12/13/2020 18:14,riskiq,
sellersell.com,6/4/2018 8:15,12/13/2020 18:14,riskiq,
painel.win,4/23/2018 18:03,12/13/2020 18:14,riskiq,
smmwiza.com,5/5/2018 8:16,12/13/2020 18:14,riskiq,
sosyalbazaar.com,7/2/2018 13:32,12/13/2020 18:14,riskiq,
privatesmm.com,4/19/2018 11:17,12/13/2020 18:14,riskiq,
junnahlegge.com,7/15/2018 21:03,12/13/2020 18:14,riskiq,
getyourpanel.com,4/19/2018 12:55,12/13/2020 18:14,riskiq,
samhaintheone.com,6/15/2018 7:05,12/13/2020 18:14,riskiq,
hazarsmm.com,5/28/2018 16:17,12/13/2020 18:14,riskiq,
sosyaliksir.com,7/15/2018 8:41,12/13/2020 18:14,riskiq,
eduofans.com,4/19/2018 13:09,12/13/2020 18:14,riskiq,
fastypanel.com,7/13/2018 14:03,12/13/2020 18:14,riskiq,
newelitesmm.com,4/28/2018 12:53,12/13/2020 18:14,riskiq,
medyapanel.net,4/19/2018 1:32,12/13/2020 18:14,riskiq,
panelstop.com,4/19/2018 13:14,12/13/2020 18:14,riskiq,
panelike.com,4/19/2018 6:42,12/13/2020 18:14,riskiq,
followiz.com,4/19/2018 0:38,12/13/2020 18:14,riskiq,
kksocial.com,5/26/2018 6:43,12/13/2020 18:14,riskiq,
cyka.io,4/19/2018 3:30,12/13/2020 18:14,riskiq,
ytfastpanel.com,4/16/2018 10:51,12/13/2020 18:14,riskiq,
arabsmm.com,4/20/2018 22:35,12/13/2020 18:14,riskiq,
sosyalpazarci.com,4/19/2018 10:58,12/13/2020 18:14,riskiq,
mediaspikepro.com,4/20/2018 2:24,12/13/2020 18:14,riskiq,
gramboss.com,5/14/2018 13:59,12/13/2020 18:14,riskiq,
thelikescompany-panel.com,5/14/2018 12:58,12/13/2020 18:14,riskiq,
smm-booster-usd.com,5/14/2018 12:59,12/13/2020 18:14,riskiq,
acarmedya.net,5/28/2018 16:21,12/13/2020 18:14,riskiq,
biglabtorypanel.com,5/14/2018 13:53,12/13/2020 18:14,riskiq,
smmpaneli.com,6/29/2018 12:00,12/13/2020 18:14,riskiq,
smmpotion.com,4/18/2018 23:53,12/13/2020 18:14,riskiq,
smmliker.com,4/18/2018 23:51,12/13/2020 18:14,riskiq,
centercb.org,4/19/2018 0:02,12/13/2020 18:14,riskiq,
kinglizardwizard.com,4/19/2018 16:46,12/13/2020 18:14,riskiq,
snspanda.com,4/19/2018 16:49,12/13/2020 18:14,riskiq,
kdsocial.com,6/1/2018 1:23,12/13/2020 18:14,riskiq,
bestofpanels.com,4/20/2018 23:26,12/13/2020 18:14,riskiq,
viewsru.com,5/28/2018 9:48,12/13/2020 18:14,riskiq,
bulksocialcart.com,4/19/2018 12:45,12/13/2020 18:14,riskiq,
panelhizmetleri.net,4/19/2018 0:56,12/13/2020 18:14,riskiq,
morzlikes.com,6/2/2018 8:34,12/13/2020 18:14,riskiq,
socialfanspanel.com,6/2/2018 6:33,12/13/2020 18:14,riskiq,
instamediapro.com,4/19/2018 6:08,12/13/2020 18:14,riskiq,
ksaebuy.com,4/19/2018 3:36,12/13/2020 18:14,riskiq,
smmxo.com,6/1/2018 2:09,12/13/2020 18:14,riskiq,
65292panel.com,4/19/2018 13:34,12/13/2020 18:14,riskiq,
maxsmm.com,4/19/2018 12:45,12/13/2020 18:14,riskiq,
socialmediaboost.io,7/15/2018 7:56,12/13/2020 18:14,riskiq,
c-p.net,5/23/2018 22:52,12/13/2020 18:14,riskiq,
bulksocial.net,4/19/2018 5:34,12/13/2020 18:14,riskiq,
sosyalbayiniz.net,4/19/2018 4:09,12/13/2020 18:14,riskiq,
instaagile.club,5/13/2018 13:07,12/13/2020 18:14,riskiq,
buysoundcloudplay.net,4/20/2018 17:17,12/13/2020 18:14,riskiq,
insxxx.club,5/30/2018 5:48,12/13/2020 18:14,riskiq,
panelsocial.club,5/3/2018 19:17,12/13/2020 18:14,riskiq,
daflomarketing.com,7/14/2018 10:19,12/13/2020 18:14,riskiq,
lydiasmm.club,7/7/2018 16:20,12/13/2020 18:14,riskiq,
h2f2.club,5/20/2018 9:04,12/13/2020 18:14,riskiq,
bombafollow.com.br,7/13/2018 5:09,12/13/2020 18:14,riskiq,
sendmewebtraffic.com,4/26/2018 13:33,12/13/2020 18:14,riskiq,
likesservices.com,4/28/2018 3:05,12/13/2020 18:14,riskiq,
nordsmm.com,5/6/2018 1:56,12/13/2020 18:14,riskiq,
panelcibaba.com,5/4/2018 0:28,12/13/2020 18:14,riskiq,
sosyalmedya.market,5/21/2018 20:45,12/13/2020 18:14,riskiq,
gramhype.com,4/20/2018 3:03,12/13/2020 18:14,riskiq,
uksocialmediamarketing.com,4/22/2018 11:29,12/13/2020 18:14,riskiq,
medyabayisi.com,4/20/2018 20:05,12/13/2020 18:14,riskiq,
gramig.com,4/21/2018 0:08,12/13/2020 18:14,riskiq,
followizchild.com,4/20/2018 21:49,12/13/2020 18:14,riskiq,
likeboostrangels.com,4/20/2018 16:37,12/13/2020 18:14,pingly|riskiq,
urocketpanel.com,4/19/2018 14:06,12/13/2020 18:14,riskiq,
smfollow.com,4/20/2018 21:45,12/13/2020 18:14,riskiq,
panelsosyal.net,7/13/2018 1:01,12/13/2020 18:14,riskiq,
7dviews.com,7/13/2018 0:51,12/13/2020 18:14,riskiq,
addmaxfans.com,7/14/2018 13:01,12/13/2020 18:14,riskiq,
medyapanelim.com,4/20/2018 11:25,12/13/2020 18:14,riskiq,
autosm-f.com,6/16/2018 8:25,12/13/2020 18:14,riskiq,
smmwolf.com,4/20/2018 21:51,12/13/2020 18:14,riskiq,
lidermedya.net,4/19/2018 5:51,12/13/2020 18:14,riskiq,
annomedya.com,6/3/2018 12:58,12/13/2020 18:14,riskiq,
likesmanager.net,4/20/2018 15:55,12/13/2020 18:14,riskiq,
ytserv.com,6/6/2018 21:14,12/13/2020 18:14,riskiq,
smperk.com,5/26/2018 11:27,12/13/2020 18:14,riskiq,
heartmypic247.com,4/19/2018 4:13,12/13/2020 18:14,riskiq,
autoxsmm.com,4/19/2018 23:58,12/13/2020 18:14,riskiq,
turkiyeresellers.com,6/4/2018 1:08,12/13/2020 18:14,riskiq,
sosyokirpi.com,7/13/2018 12:38,12/13/2020 18:14,riskiq,
smmvip.net,4/19/2018 9:09,12/13/2020 18:14,riskiq,
instagramshoping.com,5/10/2018 23:10,12/13/2020 18:14,riskiq,
smmhizmetlerim.com,5/3/2018 10:18,12/13/2020 18:14,riskiq,
sosyalvipclup.com,7/15/2018 15:21,12/13/2020 18:14,riskiq,
smmkiller.com,7/16/2018 15:19,12/13/2020 18:14,riskiq,
autopanel.net,4/20/2018 15:30,12/13/2020 18:14,riskiq,
bestsmm.net,4/19/2018 23:44,12/13/2020 18:14,riskiq,
ayimedia.net,6/6/2018 7:22,12/13/2020 18:14,pingly|riskiq,
bigsmm.net,4/19/2018 17:01,12/13/2020 18:14,riskiq,
begenici.net,4/19/2018 23:42,12/13/2020 18:14,riskiq,
smmmods.com,7/16/2018 10:38,12/13/2020 18:14,riskiq,
fensmm.com,5/3/2018 2:38,12/13/2020 18:14,riskiq,
smmboost.net,4/19/2018 9:10,12/13/2020 18:14,riskiq,
syfastpanel.com,5/14/2018 19:51,12/13/2020 18:14,riskiq,
justanotherpanel.com,4/17/2018 5:03,12/13/2020 18:14,riskiq,
smopanels.com,4/19/2018 4:46,12/13/2020 18:14,riskiq,
kurumedya.com,4/19/2018 3:23,12/13/2020 18:14,riskiq,
smmprime.com,4/17/2018 5:01,12/13/2020 18:14,riskiq,
auto-sm.com,4/19/2018 7:32,12/13/2020 18:14,riskiq,
smmlite.com,4/19/2018 0:20,12/13/2020 18:14,riskiq,
panelbayim.com,5/3/2018 3:21,12/13/2020 18:14,riskiq,
bddmedya.com,4/19/2018 0:25,12/13/2020 18:14,riskiq,
postlikes.com,6/5/2018 5:04,12/13/2020 18:14,riskiq,
perfectpanel.com,4/18/2018 23:57,12/13/2020 18:14,riskiq,
ytpanel.com,4/19/2018 3:26,12/13/2020 18:14,riskiq,
sosyaldestegim.com,5/1/2018 21:58,12/13/2020 18:14,riskiq,
socialnavy.com,4/20/2018 11:57,12/13/2020 18:14,riskiq,
maismm.com,4/19/2018 19:50,12/13/2020 18:14,riskiq,
kbooc.com,4/20/2018 11:10,12/13/2020 18:14,riskiq,
controll-smi.com,4/20/2018 11:57,12/13/2020 18:14,riskiq,
mediatakipci.com,4/19/2018 21:46,12/13/2020 18:14,riskiq,
smartfollows.com,7/3/2018 7:06,12/13/2020 18:14,riskiq,
grampanel.com,4/19/2018 16:28,12/13/2020 18:14,riskiq,
thesmmpanel.com,4/19/2018 20:21,12/13/2020 18:14,riskiq,
hypesocialboost.com,5/8/2018 10:08,12/13/2020 18:14,riskiq,
hypeimnetz.com,6/10/2018 7:58,12/13/2020 18:14,riskiq,
socmedmarket.com,5/20/2018 12:49,12/13/2020 18:14,riskiq,
perfectsmm.com,6/5/2018 16:43,12/13/2020 18:14,riskiq,
smm-millionaire.com,4/20/2018 8:15,12/13/2020 18:14,riskiq,
takipci-bayi.com,4/20/2018 23:11,12/13/2020 18:14,riskiq,
buzpromoter.com,5/30/2018 18:29,12/13/2020 18:14,riskiq,
smmjobz.com,4/19/2018 18:05,12/13/2020 18:14,riskiq,
prereleasepromo.com,6/6/2018 7:06,12/13/2020 18:14,riskiq,
justanothersmm.com,7/16/2018 11:36,12/13/2020 18:14,riskiq,
uksmm.com,4/19/2018 9:16,12/13/2020 18:14,riskiq,
takipcimarketi.net,5/28/2018 12:41,12/13/2020 18:14,riskiq,
demircismmhizmet.xyz,4/19/2018 5:25,12/13/2020 18:14,riskiq,
panel-socialmonkey.cloud,4/20/2018 4:31,12/13/2020 18:14,riskiq,
arabsmo.com,4/20/2018 1:54,12/13/2020 18:14,riskiq,
hitsocialmarketing.com,4/19/2018 15:01,12/13/2020 18:14,riskiq,
sosyalbulk.com,4/18/2018 23:58,12/13/2020 18:14,riskiq,
smmpanel.net,7/3/2018 22:57,12/13/2020 18:14,riskiq,
fitysmo.com,4/19/2018 18:35,12/13/2020 18:14,riskiq,
famearmy.com,4/20/2018 10:18,12/13/2020 18:14,pingly|riskiq,
getsmmservice.com,4/19/2018 1:24,12/13/2020 18:14,riskiq,
likesasap.xyz,7/17/2018 9:22,12/13/2020 18:14,riskiq,
instahizmet.net,4/19/2018 9:17,12/13/2020 18:14,riskiq,
therealblackmarket.net,6/22/2018 7:34,12/13/2020 18:14,riskiq,
24panels.net,6/27/2018 2:26,12/13/2020 18:14,riskiq,
1453medyapanel.net,7/3/2018 7:04,12/13/2020 18:14,riskiq,
gramprovider.com,7/17/2018 8:59,12/13/2020 18:14,riskiq,
klavuzmedya.com,4/19/2018 3:21,12/13/2020 18:14,riskiq,
takipdeposu.com,4/19/2018 7:43,12/13/2020 18:14,riskiq,
smm-heaven.net,4/19/2018 4:15,12/13/2020 18:14,riskiq,
bayimarketi.com,4/30/2018 8:39,12/13/2020 18:14,riskiq,
bulkfollows.com,4/17/2018 5:01,12/13/2020 18:14,riskiq,
smmstation.com,4/19/2018 17:03,12/13/2020 18:14,pingly|riskiq,
instaci.net,5/31/2018 17:03,12/13/2020 18:14,riskiq,
vainetey.com,4/19/2018 20:20,12/13/2020 18:14,riskiq,
piarpanelpro.com,4/19/2018 6:01,12/13/2020 18:14,riskiq,
smmglobe.com,4/19/2018 17:26,12/13/2020 18:14,riskiq,
rublevkalike.ru,4/19/2018 12:23,12/13/2020 18:14,riskiq,
bestofpanel.com,4/20/2018 2:03,12/13/2020 18:14,riskiq,
digitviews.com,4/19/2018 3:31,12/13/2020 18:14,riskiq,
sosyalbayilik.com,4/19/2018 7:06,12/13/2020 18:14,riskiq,
smmfansfaster.com,4/19/2018 11:01,12/13/2020 18:14,pingly|riskiq,
smmgod.com,6/24/2018 23:33,12/13/2020 18:14,riskiq,
socialmania.club,7/16/2018 17:31,12/13/2020 18:14,riskiq,
sejasocial.com,6/25/2018 13:48,12/13/2020 18:14,riskiq,
socifans.com,4/19/2018 16:16,12/13/2020 18:14,riskiq,
publicidadefk.com.br,4/22/2018 14:59,12/13/2020 18:14,riskiq,
socialwizards.com,4/20/2018 4:45,12/13/2020 18:14,riskiq,
painelrevenda.com,4/19/2018 13:44,12/13/2020 18:14,riskiq,
oykumedya.com,4/19/2018 1:20,12/13/2020 18:14,riskiq,
otosmm.com,5/28/2018 6:44,12/13/2020 18:14,riskiq,
smm.cheap,5/6/2018 2:32,12/13/2020 18:14,riskiq,
demircimedya.xyz,4/23/2018 15:07,12/13/2020 18:14,riskiq,
chmedya.com,4/19/2018 11:01,12/13/2020 18:14,riskiq,
mysocialboosts.com,5/10/2018 18:29,12/13/2020 18:14,riskiq,
medyatakipci.com,4/19/2018 13:37,12/13/2020 18:14,riskiq,
instafaster.com,4/19/2018 19:12,12/13/2020 18:14,riskiq,
media-panel.net,4/19/2018 21:41,12/13/2020 18:14,riskiq,
smmbro.org,5/20/2018 2:51,12/13/2020 18:14,riskiq,
likeon.ru,6/7/2018 6:50,12/13/2020 18:14,riskiq,
pablitosworld.com,7/15/2018 12:54,12/13/2020 18:14,riskiq,
instant-fans.com,4/19/2018 11:46,12/13/2020 18:14,riskiq,
lajki.com.pl,4/20/2018 10:40,12/13/2020 18:14,riskiq,
kummedya.com,5/21/2018 7:06,12/13/2020 18:14,riskiq,
puzzoider.com,7/7/2018 14:31,12/13/2020 18:14,riskiq,
ytmatikvip.com,7/7/2018 13:51,12/13/2020 18:14,riskiq,
osemgroupfollowers.com,7/2/2018 2:19,12/13/2020 18:14,riskiq,
smmservices.ninja,4/19/2018 11:21,12/13/2020 18:14,riskiq,
hahalike.top,4/17/2018 5:08,12/13/2020 18:14,riskiq,
allinonesmm.com,4/20/2018 14:59,12/13/2020 18:14,riskiq,
yukselmarketing.com,6/4/2018 15:54,12/13/2020 18:14,riskiq,
pvtseo.us,4/21/2018 0:38,12/13/2020 18:14,riskiq,
amazingstore.pro,4/19/2018 7:39,12/13/2020 18:14,riskiq,
shopinsta.net,6/28/2018 14:43,12/13/2020 18:14,riskiq,
meumercadosocial.com,4/20/2018 4:41,12/13/2020 18:14,riskiq,
lebanesesmm.com,4/20/2018 6:37,12/13/2020 18:14,riskiq,
viplikes.co.il,4/21/2018 23:10,12/13/2020 18:14,riskiq,
socialgramy.com,4/24/2018 3:04,12/13/2020 18:14,riskiq,
sosyalmedyaciniz.net,4/19/2018 8:25,12/13/2020 18:14,riskiq,
kloutplug.com,7/4/2018 11:33,12/13/2020 18:14,riskiq,
demircimedya.com,6/6/2018 11:30,12/13/2020 18:14,riskiq,
afollows.com,4/19/2018 22:01,12/13/2020 18:14,riskiq,
cheappanel.com,4/19/2018 11:58,12/13/2020 18:14,riskiq,
smmstore.pro,4/20/2018 8:56,12/13/2020 18:14,riskiq,
instaresellers.com,4/19/2018 13:15,12/13/2020 18:14,riskiq,
instantsmo.com,4/19/2018 4:59,12/13/2020 18:14,riskiq,
instantpanels.com,4/19/2018 4:59,12/13/2020 18:14,riskiq,
instantfame.org,4/19/2018 13:14,12/13/2020 18:14,riskiq,
instagrambayim.net,5/30/2018 14:43,12/13/2020 18:14,riskiq,
nakrutka.tel,4/19/2018 7:17,12/13/2020 18:14,riskiq,
panelhizmeti.com,4/24/2018 23:11,12/13/2020 18:14,riskiq,
toplifesmm.ru,4/19/2018 17:08,12/13/2020 18:14,riskiq,
somapanel.com,6/27/2018 15:44,12/13/2020 18:14,riskiq,
youtubepanel.com,4/19/2018 9:49,12/13/2020 18:14,riskiq,
ig4us.com,4/20/2018 14:07,12/13/2020 18:14,riskiq,
happyinsta24.com,4/19/2018 0:45,12/13/2020 18:14,riskiq,
viralsm.com,4/19/2018 8:16,12/13/2020 18:14,riskiq,
goodpanel.biz,4/15/2018 4:42,12/13/2020 18:14,riskiq,
getsmmfollowers.com,4/19/2018 21:51,12/13/2020 18:14,pingly|riskiq,
takipcidestegim.com,6/24/2018 0:15,12/13/2020 18:14,riskiq,
smmresellerpanel.net,4/19/2018 3:52,12/13/2020 18:14,riskiq,
followerskart.com,4/22/2018 14:18,12/13/2020 18:14,riskiq,
smmhits.com,4/19/2018 21:46,12/13/2020 18:14,riskiq,
smmbulk.com,4/19/2018 16:43,12/13/2020 18:14,riskiq,
fensifans.com,4/20/2018 12:57,12/13/2020 18:14,riskiq,
fastfollowz.com,4/19/2018 21:30,12/13/2020 18:14,riskiq,
fiverrpanel.com,7/9/2018 21:57,12/13/2020 18:14,riskiq,
fatihweb.com,4/19/2018 16:15,12/13/2020 18:14,riskiq,
digitaldrip.biz,4/19/2018 21:20,12/13/2020 18:14,riskiq,
youhoo.shop,5/11/2018 3:13,12/13/2020 18:14,riskiq,
dripfeedpanel.com,4/20/2018 10:48,12/13/2020 18:14,riskiq,
bestcheappanel.com,4/19/2018 17:32,12/13/2020 18:14,riskiq,
socialdek.com,5/17/2018 1:59,12/13/2020 18:14,riskiq,
medyasosyal.com,5/2/2018 7:12,12/13/2020 18:14,riskiq,
insta-q.com,6/6/2018 18:13,12/13/2020 18:14,riskiq,
likecobra.com,5/1/2018 17:37,12/13/2020 18:14,riskiq,
bulkcheapservice.com,4/19/2018 12:26,12/13/2020 18:14,riskiq,
cheapsmm.net,4/19/2018 10:26,12/13/2020 18:14,riskiq,
virtualsmm.com,6/6/2018 18:14,12/13/2020 18:14,riskiq,
midia.store,4/20/2018 23:12,12/13/2020 18:14,riskiq,
paneloji.com,7/12/2018 13:15,12/13/2020 18:14,riskiq,
cheapsmmreseller.com,4/20/2018 23:03,12/13/2020 18:14,riskiq,
smmblade.com,5/7/2018 2:20,12/13/2020 18:14,riskiq,
smmcube.com,4/18/2018 23:57,12/13/2020 18:14,riskiq,
buffmyfollowers.com,4/20/2018 19:26,12/13/2020 18:14,riskiq,
mypanelapps.com,4/20/2018 23:10,12/13/2020 18:14,riskiq,
boostygram.com,4/19/2018 1:34,12/13/2020 18:14,riskiq,
acheter-fans.com,6/28/2018 9:43,12/13/2020 18:14,riskiq,
smplatinium.com,4/20/2018 21:53,12/13/2020 18:14,riskiq,
gknsosyalmedya.com,5/7/2018 2:20,12/13/2020 18:14,riskiq,
20sar.com,6/14/2018 16:43,12/13/2020 18:14,riskiq,
gulfsmo.com,4/19/2018 16:08,12/13/2020 18:14,riskiq,
superiorfans.com,4/19/2018 12:34,12/13/2020 18:14,riskiq,
bestsmmpanels.com,4/19/2018 5:16,12/13/2020 18:14,pingly|riskiq,
igbayim.com,6/24/2018 6:44,12/13/2020 18:14,riskiq,
bbsocials.org,4/19/2018 5:11,12/13/2020 18:14,riskiq,
bayicin.com,6/21/2018 12:53,12/13/2020 18:14,riskiq,
seguidoresbuy.com,6/25/2018 16:04,12/13/2020 18:14,riskiq,
lethalfollowers.com,6/23/2018 20:16,12/13/2020 18:14,riskiq,
smmytube.com,7/12/2018 13:07,12/13/2020 18:14,riskiq,
sosyalpazar.net,4/19/2018 23:32,12/13/2020 18:14,riskiq,
sosyalkarpuz.com,4/19/2018 4:55,12/13/2020 18:14,riskiq,
44money.com,4/21/2018 0:56,12/13/2020 18:14,riskiq,
smmtube.pro,4/23/2018 4:18,12/13/2020 18:14,riskiq,
yoursocialboost.com,4/20/2018 10:39,12/13/2020 18:14,riskiq,
snsshop.kr,5/9/2018 9:07,12/13/2020 18:14,riskiq,
snsmania.co.kr,5/3/2018 9:22,12/13/2020 18:14,riskiq,
sm-boost.net,6/26/2018 4:24,12/13/2020 18:14,riskiq,
servicosredessociais.com.br,4/23/2018 12:02,12/13/2020 18:14,riskiq,
smmpremium.com,5/24/2018 20:44,12/13/2020 18:14,riskiq,
igwish.com,4/20/2018 7:51,12/13/2020 18:14,riskiq,
otopanelim.com,4/19/2018 0:01,12/13/2020 18:14,riskiq,
redessociaisbr.com,4/19/2018 22:51,12/13/2020 18:14,riskiq,
vendeseguidores.com,6/15/2018 8:48,12/13/2020 18:14,riskiq,
social-mediapromotion.com,4/19/2018 17:46,12/13/2020 18:14,riskiq,
uygunbayi.com,6/13/2018 4:33,12/13/2020 18:14,riskiq,
providesmm.com,6/19/2018 11:25,12/13/2020 18:14,riskiq,
japelite.com,4/20/2018 18:43,12/13/2020 18:14,riskiq,
nazapetot.com,6/2/2018 2:48,12/13/2020 18:14,riskiq,
cloutpanel.com,4/17/2018 2:08,12/13/2020 18:14,riskiq,
massgrowth.pro,5/30/2018 11:00,12/13/2020 18:14,riskiq,
sm-follow.me,4/25/2018 10:51,12/13/2020 18:14,riskiq,
jajamedya.com,5/29/2018 10:17,12/13/2020 18:14,riskiq,
smmkings.com,4/19/2018 0:05,12/13/2020 18:14,riskiq,
korea-sns.com,4/19/2018 17:32,12/13/2020 18:14,riskiq,
instasepeti.com,4/19/2018 3:50,12/13/2020 18:14,riskiq,
turktakipcihilesi.com,4/19/2018 13:04,12/13/2020 18:14,riskiq,
7panel.com,4/19/2018 22:02,12/13/2020 18:14,riskiq,
followersreal.net,4/20/2018 19:11,12/13/2020 18:14,riskiq,
expresslajk.pl,6/2/2018 7:11,12/13/2020 18:14,riskiq,
extlikes.net,5/20/2018 6:22,12/13/2020 18:14,riskiq,
topmidias.com,6/11/2018 6:56,12/13/2020 18:14,riskiq,
ucuzsosyalmarket.com,5/20/2018 9:13,12/13/2020 18:14,riskiq,
medyalife.net,4/20/2018 6:14,12/13/2020 18:14,riskiq,
ucuzsosyalmedya.com,7/3/2018 23:18,12/13/2020 18:14,riskiq,
loonybotservices.com,5/21/2018 6:42,12/13/2020 18:14,riskiq,
trustfans.com,6/3/2018 3:53,12/13/2020 18:14,riskiq,
ytlive.stream,6/3/2018 1:34,12/13/2020 18:14,riskiq,
smmpanel.eu,5/2/2018 12:48,12/13/2020 18:14,riskiq,
mysocialmagic.com,7/12/2018 14:24,12/13/2020 18:14,riskiq,
snsshop.company,4/19/2018 23:21,12/13/2020 18:14,riskiq,
snsboss.com,4/19/2018 21:36,12/13/2020 18:14,riskiq,
instantsmm.pro,7/3/2018 12:18,12/13/2020 18:14,riskiq,
instantmediapublisher.com,5/23/2018 20:29,12/13/2020 18:14,riskiq,
instahopi.com,6/30/2018 13:11,12/13/2020 18:14,riskiq,
instaguppy.com,6/30/2018 14:23,12/13/2020 18:14,riskiq,
instagramhizmetlerim.com,4/19/2018 9:39,12/13/2020 18:14,riskiq,
socialkaya.com,6/2/2018 13:01,12/13/2020 18:14,riskiq,
extsmm.com,6/11/2018 10:40,12/13/2020 18:14,riskiq,
yourboosts.com,5/8/2018 11:49,12/13/2020 18:14,riskiq,
rankingviews.com,6/7/2018 7:05,12/13/2020 18:14,riskiq,
awacadomedya.com,6/19/2018 13:49,12/13/2020 18:14,riskiq,
majewskipromuje.com,6/8/2018 16:39,12/13/2020 18:14,riskiq,
oykumedia.com,6/10/2018 0:44,12/13/2020 18:14,riskiq,
sosyalcim.com,6/1/2018 7:07,12/13/2020 18:14,riskiq,
sosyalservisleriniz.com,6/5/2018 16:25,12/13/2020 18:14,riskiq,
autosmmpanel.com,4/19/2018 21:52,12/13/2020 18:14,riskiq,
gokturkbayim.com,6/2/2018 13:53,12/13/2020 18:14,riskiq,
socpromoter.com,5/3/2018 22:20,12/13/2020 18:14,riskiq,
smmsoc.com,6/1/2018 9:19,12/13/2020 18:14,riskiq,
smmbold.com,7/16/2018 22:07,12/13/2020 18:14,riskiq,
smmpanelucuz.com,7/9/2018 10:22,12/13/2020 18:14,riskiq,
instamaster-smm.net,5/16/2018 15:46,12/13/2020 18:14,riskiq,
fkfollowers.com,4/19/2018 15:24,12/13/2020 18:14,riskiq,
sebayi.com,4/19/2018 15:25,12/13/2020 18:14,riskiq,
insta-medya.com,4/21/2018 1:21,12/13/2020 18:14,riskiq,
viperpanel.com,6/19/2018 20:33,12/13/2020 18:14,riskiq,
pop-insta.site,7/5/2018 10:20,12/13/2020 18:14,riskiq,
fast-smm.com,5/7/2018 1:24,12/13/2020 18:14,riskiq,
buy-insta.site,7/12/2018 1:21,12/13/2020 18:14,riskiq,
motherpanel.com,4/20/2018 12:09,12/13/2020 18:14,riskiq,
smmraja.info,6/16/2018 7:08,12/13/2020 18:14,riskiq,
medyamen.com,7/6/2018 13:21,12/13/2020 18:14,riskiq,
sommerce.com,4/19/2018 15:14,12/13/2020 18:14,riskiq,
ultrafastpanel.com,4/19/2018 15:16,12/13/2020 18:14,riskiq,
famous7.com,4/19/2018 11:08,12/13/2020 18:14,riskiq,
socialbz.com,5/31/2018 7:06,12/13/2020 18:14,riskiq,
smmclerk.com,4/19/2018 1:11,12/13/2020 18:14,riskiq,
shocklikes.com,5/9/2018 7:56,12/13/2020 18:14,riskiq,
seguidoresrd.com,7/3/2018 13:09,12/13/2020 18:14,riskiq,
smhere.com,5/7/2018 1:29,12/13/2020 18:14,riskiq,
galaxysmm.com,6/11/2018 6:40,12/13/2020 18:14,riskiq,
provedorsocial.com,4/19/2018 16:35,12/13/2020 18:14,riskiq,
fivebbc.com,4/19/2018 4:39,12/13/2020 18:14,riskiq,
smmdeal.com,4/19/2018 20:40,12/13/2020 18:14,riskiq,
smmcpan.com,7/4/2018 12:28,12/13/2020 18:14,riskiq,
0rders.com,4/19/2018 17:26,12/13/2020 18:14,riskiq,
smmquality.com,4/20/2018 22:38,12/13/2020 18:14,riskiq,
smmpro.biz,4/19/2018 0:48,12/13/2020 18:14,riskiq,
seolikes.eu,5/13/2018 8:33,12/13/2020 18:14,riskiq,
panel-ads.com,4/19/2018 11:54,12/13/2020 18:14,riskiq,
betabayi.com,6/5/2018 18:29,12/13/2020 18:14,riskiq,
likespanel.com,4/19/2018 20:12,12/13/2020 18:14,pingly|riskiq,
smmpanel365.com,5/14/2018 17:13,12/13/2020 18:14,riskiq,
social-growth.com,5/7/2018 7:10,12/13/2020 18:14,riskiq,
terpaksafamous.com,4/20/2018 0:28,12/13/2020 18:14,riskiq,
influencerbuy.com,4/20/2018 8:47,12/13/2020 18:14,riskiq,
hitinstagram.com,7/2/2018 3:54,12/13/2020 18:14,riskiq,
badpandapromo.com,5/21/2018 23:59,12/13/2020 18:14,riskiq,
socialspro.net,4/19/2018 9:13,12/13/2020 18:14,riskiq,
followerskiys.com,7/4/2018 14:11,12/13/2020 18:14,riskiq,
sosyalenerji.com,4/20/2018 1:09,12/13/2020 18:14,riskiq,
ytviews.store,5/12/2018 16:52,12/13/2020 18:14,riskiq,
ytintromakerspanel.com,4/19/2018 0:11,12/13/2020 18:14,riskiq,
smmhappy.com,6/19/2018 4:47,12/13/2020 18:14,riskiq,
paykes.net,5/22/2018 8:54,12/13/2020 18:14,riskiq,
xn--80aawjapxfjdk.xn--p1ai,4/19/2018 5:03,12/13/2020 18:14,riskiq,
blackr.com,4/19/2018 23:45,12/13/2020 18:14,riskiq,
4influence.com,6/6/2018 19:33,12/13/2020 18:14,riskiq,
takipcideposu.com,6/19/2018 14:00,12/13/2020 18:14,riskiq,
theautopanel.com,4/20/2018 19:48,12/13/2020 18:14,riskiq,
risingstarspk.com,4/21/2018 18:31,12/13/2020 18:14,riskiq,
sociyapa.com,6/11/2018 13:26,12/13/2020 18:14,riskiq,
sosyalpanel.pro,4/23/2018 5:10,12/13/2020 18:14,riskiq,
bayiservisi.com,5/2/2018 7:10,12/13/2020 18:14,riskiq,
socialgain.pro,4/26/2018 3:49,12/13/2020 18:14,riskiq,
eg2order.com,4/19/2018 4:00,12/13/2020 18:14,riskiq,
providersmm.com,4/20/2018 9:42,12/13/2020 18:14,riskiq,
socialbeastmode.com,6/27/2018 1:34,12/13/2020 18:14,riskiq,
stellarsmm.com,6/27/2018 13:52,12/13/2020 18:14,riskiq,
netfast.es,5/4/2018 16:15,12/13/2020 18:14,riskiq,
gulfser.com,4/19/2018 17:10,12/13/2020 18:14,riskiq,
myfanspanel.com,4/20/2018 10:15,12/13/2020 18:14,riskiq,
panelservisi.com,5/24/2018 10:12,12/13/2020 18:14,riskiq,
compratantifollowers.com,4/19/2018 18:27,12/13/2020 18:14,riskiq,
wrldf4ns.com,4/19/2018 20:54,12/13/2020 18:14,riskiq,
themostpanel.com,6/20/2018 9:43,12/13/2020 18:14,riskiq,
takipcibayim.net,6/10/2018 1:16,12/13/2020 18:14,riskiq,
takipcidestek.net,5/31/2018 3:53,12/13/2020 18:14,riskiq,
sociboosting.com,6/28/2018 13:54,12/13/2020 18:14,riskiq,
fbreseller.com,4/19/2018 18:25,12/13/2020 18:14,riskiq,
smmride.com,4/19/2018 9:33,12/13/2020 18:14,riskiq,
worldfns.com,4/20/2018 20:00,12/13/2020 18:14,riskiq,
safesmmpanel.com,7/12/2018 4:55,12/13/2020 18:14,riskiq,
smmkhan.com,6/9/2018 16:58,12/13/2020 18:14,riskiq,
ozfollowers.com,4/23/2018 6:54,12/13/2020 18:14,riskiq,
joltgram.com,7/16/2018 12:44,12/13/2020 18:14,riskiq,
agenciaderedessociais.com,4/20/2018 14:55,12/13/2020 18:14,riskiq,
xn--r3cadqjita4eyao2s1ch.com,4/19/2018 20:03,12/13/2020 18:14,riskiq,
smmhit.com,4/21/2018 16:59,12/13/2020 18:14,riskiq,
socioload.com,4/20/2018 7:34,12/13/2020 18:14,riskiq,
youtubebus.com,4/20/2018 7:33,12/13/2020 18:14,riskiq,
likeandfan.com,4/19/2018 14:08,12/13/2020 18:14,riskiq,
cutesmm.com,4/19/2018 12:54,12/13/2020 18:14,riskiq,
zuk-media.com,4/20/2018 2:07,12/13/2020 18:14,riskiq,
smmturkeypanel.com,4/20/2018 7:31,12/13/2020 18:14,riskiq,
nowsmm.com,4/28/2018 7:16,12/13/2020 18:14,riskiq,
igfamemy.com,5/22/2018 16:02,12/13/2020 18:14,riskiq,
autolikepanel.com,4/19/2018 10:19,12/13/2020 18:14,riskiq,
grupoaplicanet.com.br,4/20/2018 2:34,12/13/2020 18:14,riskiq,
sosyalpanelin.com,5/26/2018 22:02,12/13/2020 18:14,riskiq,
snsslatam.com,6/28/2018 10:45,12/13/2020 18:14,riskiq,
instahodlgram.com,6/29/2018 11:25,12/13/2020 18:14,riskiq,
adosns.com,7/11/2018 7:12,12/13/2020 18:14,riskiq,
takipshop.com,6/22/2018 3:07,12/13/2020 18:14,riskiq,
socialstronger.com,6/29/2018 9:19,12/13/2020 18:14,riskiq,
myservicefollowers.com,7/4/2018 6:54,12/13/2020 18:14,riskiq,
viralmediapromotions.com,7/3/2018 14:31,12/13/2020 18:14,riskiq,
xwgxlabs.com,7/7/2018 6:51,12/13/2020 18:14,riskiq,
dreamlikeapp.com,7/13/2018 12:22,12/13/2020 18:14,riskiq,
juniorsmm.com,6/29/2018 8:54,12/13/2020 18:14,riskiq,
godpanel.com,6/22/2018 7:37,12/13/2020 18:14,riskiq,
takipmakinasi.com,7/8/2018 7:09,12/13/2020 18:14,riskiq,
fblivehome.com,6/28/2018 22:30,12/13/2020 18:14,riskiq,
medyadestegim.com,7/8/2018 7:09,12/13/2020 18:14,riskiq,
smmextra.com,7/8/2018 2:30,12/13/2020 18:14,riskiq,
redditpanel.com,7/3/2018 7:04,12/13/2020 18:14,riskiq,
getviralplugs.com,7/12/2018 13:41,12/13/2020 18:14,riskiq,
newsmmpanel.com,5/7/2018 2:34,12/13/2020 18:14,riskiq,
viasmm.com,5/15/2018 15:38,12/13/2020 18:14,riskiq,
smmkart.in,5/6/2018 8:31,12/13/2020 18:14,riskiq,
boostlikesandviews.com,5/15/2018 8:59,12/13/2020 18:14,riskiq,
doyoulikes.com,6/15/2018 7:04,12/13/2020 18:14,riskiq,
gardenajans.com,4/19/2018 14:54,12/13/2020 18:14,riskiq,
rightsmm.com,5/20/2018 1:58,12/13/2020 18:14,riskiq,
zerodrops.com,6/21/2018 6:04,12/13/2020 18:14,riskiq,
xpressviral.com,4/19/2018 19:50,12/13/2020 18:14,riskiq,
smmpeddler.com,5/20/2018 1:43,12/13/2020 18:14,riskiq,
smmhizmet.com,6/22/2018 12:45,12/13/2020 18:14,riskiq,
turbinasocial.com,7/14/2018 0:11,12/13/2020 18:14,riskiq,
habibi.pro,6/9/2018 1:41,12/13/2020 18:14,riskiq,
blackhatpanel.com,5/25/2018 3:14,12/13/2020 18:14,riskiq,
millionaireage.com,4/19/2018 15:54,12/13/2020 18:14,riskiq,
lifeinvaders.com,6/21/2018 13:25,12/13/2020 18:14,riskiq,
elitefame.pro,6/8/2018 5:10,12/13/2020 18:14,riskiq,
exclusivestore.pro,4/18/2018 23:58,12/13/2020 18:14,riskiq,
cheapestsmmpanel.net,7/3/2018 1:59,12/13/2020 18:14,riskiq,
followsservicespro.com,4/20/2018 1:45,12/13/2020 18:14,riskiq,
followlikesmm.com,6/25/2018 9:23,12/13/2020 18:14,riskiq,
followerspannel.com,4/19/2018 16:53,12/13/2020 18:14,riskiq,
smbayi.com,4/21/2018 1:22,12/13/2020 18:14,riskiq,
smmservis.com,4/25/2018 12:31,12/13/2020 18:14,riskiq,
famoustomorrow.com,6/25/2018 13:33,12/13/2020 18:14,riskiq,
smmserv.com,4/20/2018 7:47,12/13/2020 18:14,riskiq,
juiceitup.biz,4/20/2018 2:42,12/13/2020 18:14,riskiq,
boostyourstats.com,6/19/2018 4:09,12/13/2020 18:14,riskiq,
automatedpanel.com,4/20/2018 11:18,12/13/2020 18:14,riskiq,
smmstore.club,7/11/2018 18:16,12/13/2020 18:14,riskiq,
socialbomb.club,4/26/2018 21:56,12/13/2020 18:14,riskiq,
smmprovider.club,7/8/2018 19:29,12/13/2020 18:14,riskiq,
socialgrowth.club,6/6/2018 13:13,12/13/2020 18:14,riskiq,
boostyoursm.com,4/20/2018 2:55,12/13/2020 18:14,riskiq,
prosocials.net,4/19/2018 11:04,12/13/2020 18:14,riskiq,
heartmyphotos.com,4/19/2018 11:28,12/13/2020 18:14,pingly|riskiq,
purepromo.net,5/2/2018 17:47,12/13/2020 18:14,riskiq,
painelgram.com,4/18/2018 23:52,12/13/2020 18:14,riskiq,
smmpro24.com,4/18/2018 23:46,12/13/2020 18:14,riskiq,
sosyalmediapro.com,5/18/2018 14:34,12/13/2020 18:14,riskiq,
vevosmm.com,6/4/2018 5:29,12/13/2020 18:14,riskiq,
justsmmpanel.com,5/5/2018 5:04,12/13/2020 18:14,riskiq,
dijitalistasyon.com,6/21/2018 6:05,12/13/2020 18:14,riskiq,
smmclout.com,6/22/2018 19:33,12/13/2020 18:14,riskiq,
vipermarket.com,5/20/2018 3:49,12/13/2020 18:14,riskiq,
kiralikpanel.com,6/10/2018 3:00,12/13/2020 18:14,riskiq,
smboosters.com,4/20/2018 18:51,12/13/2020 18:14,pingly|riskiq,
irvankede-smm.com,5/29/2018 18:47,12/13/2020 18:14,riskiq,
smm-dealer.com,4/19/2018 12:15,12/13/2020 18:14,riskiq,
viewyt.com,4/20/2018 14:34,12/13/2020 18:14,riskiq,
smmboosts.com,4/20/2018 7:39,12/13/2020 18:14,riskiq,
smpanel.net,4/19/2018 9:12,12/13/2020 18:14,riskiq,
smmpanel1.com,4/20/2018 6:37,12/13/2020 18:14,riskiq,
smmwave.com,5/22/2018 16:13,12/13/2020 18:14,riskiq,
medyahizmetim.com,4/19/2018 18:32,12/13/2020 18:14,riskiq,
instpanel.com,4/19/2018 17:42,12/13/2020 18:14,riskiq,
ktmediaboost.com,6/23/2018 16:23,12/13/2020 18:14,riskiq,
topsmmpanel.com,6/9/2018 2:34,12/13/2020 18:14,riskiq,
4influencer.com,6/20/2018 17:44,12/13/2020 18:14,riskiq,
mefumedya.com,4/20/2018 4:37,12/13/2020 18:14,riskiq,
redesocialmarketing.com,5/14/2018 13:51,12/13/2020 18:14,riskiq,
smmone.com,4/18/2018 22:56,12/13/2020 18:14,riskiq,
seyhanmedia.com,4/19/2018 1:54,12/13/2020 18:14,riskiq,
socialupexpress.com,5/30/2018 17:53,12/13/2020 18:14,riskiq,
socialow.com,5/20/2018 10:13,12/13/2020 18:14,riskiq,
organicsmmpanel.com,4/19/2018 21:22,12/13/2020 18:14,riskiq,
loubypanel.com,4/19/2018 21:20,12/13/2020 18:14,riskiq,
nextsosyalpanel.info,7/13/2018 3:22,12/13/2020 18:14,riskiq,
smmsocial.net,7/8/2018 1:01,12/13/2020 18:14,riskiq,
sosyalabla.net,6/10/2018 1:00,12/13/2020 18:14,riskiq,
smmsuper.net,4/19/2018 9:09,12/13/2020 18:14,riskiq,
smm-store.net,6/15/2018 8:48,12/13/2020 18:14,riskiq,
sosyalmedyasepetim.net,6/4/2018 15:09,12/13/2020 18:14,riskiq,
igers.store,4/20/2018 23:13,12/13/2020 18:14,riskiq,
smoptimize.net,5/5/2018 4:58,12/13/2020 18:14,riskiq,
getviews.store,5/5/2018 21:00,12/13/2020 18:14,riskiq,
caner.store,5/17/2018 2:31,12/13/2020 18:14,riskiq,
zeeeedha.com,4/20/2018 11:36,12/13/2020 18:14,riskiq,
mediacredible.com,4/19/2018 11:33,12/13/2020 18:14,riskiq,
buyfollower.co,7/8/2018 2:50,12/13/2020 18:14,riskiq,
smmpaneldeal.com,5/7/2018 7:10,12/13/2020 18:14,riskiq,
growthlikes.com,5/5/2018 5:33,12/13/2020 18:14,riskiq,
cheap-smm.com,5/6/2018 12:25,12/13/2020 18:14,riskiq,
instasocialhub.com,4/15/2018 17:53,12/13/2020 18:14,riskiq,
instafollow.se,4/19/2018 0:33,12/13/2020 18:14,riskiq,
demircismmhizmet.com,4/20/2018 10:20,12/13/2020 18:14,riskiq,
painelsmm.com,4/19/2018 0:03,12/13/2020 18:14,riskiq,
prosocialgg.com,4/19/2018 0:10,12/13/2020 18:14,riskiq,
fbytb.com,6/29/2018 19:58,12/13/2020 18:14,riskiq,
igmentions.com,6/28/2018 3:34,12/13/2020 18:14,riskiq,
ventadeseguidores.com,6/28/2018 3:44,12/13/2020 18:14,riskiq,
autosmm.info,5/3/2018 9:33,12/13/2020 18:14,riskiq,
beatrunner.info,7/10/2018 13:59,12/13/2020 18:14,riskiq,
spotfollow.com,4/19/2018 13:38,12/13/2020 18:14,riskiq,
socialcheapanel.com,4/20/2018 9:56,12/13/2020 18:14,riskiq,
painelstore.com,4/19/2018 11:07,12/13/2020 18:14,riskiq,
vipsmo.com,4/19/2018 13:44,12/13/2020 18:14,riskiq,
moch.social,5/26/2018 2:29,12/13/2020 18:14,riskiq,
ytrefill.xyz,7/10/2018 22:01,12/13/2020 18:14,riskiq,
igtraffic.info,6/26/2018 15:03,12/13/2020 18:14,riskiq,
musically-panel.com,4/20/2018 3:11,12/13/2020 18:14,riskiq,
qidianfactory.com,4/20/2018 8:56,12/13/2020 18:14,riskiq,
mylikesonline.com,7/2/2018 0:45,12/13/2020 18:14,riskiq,
viewschoice.com,4/20/2018 5:56,12/13/2020 18:14,riskiq,
smm-plus.com,7/12/2018 12:39,12/13/2020 18:14,riskiq,
worldlikes.com.co,7/13/2018 9:11,12/13/2020 18:14,riskiq,
rainbowredcoconutcashcash.com,7/3/2018 14:30,12/13/2020 18:14,riskiq,
yilmazmedya.net,6/27/2018 16:44,12/13/2020 18:14,riskiq,
sosyalmedyapanel.com,4/20/2018 22:03,12/13/2020 18:14,riskiq,
getfollowerslikes.com,4/19/2018 4:13,12/13/2020 18:14,riskiq,
thepennypanel.com,4/20/2018 0:34,12/13/2020 18:14,riskiq,
theworldfans.com,7/2/2018 10:33,12/13/2020 18:14,riskiq,
wholesalesmm.com,4/20/2018 0:34,12/13/2020 18:14,riskiq,
vowelmedya.com,6/18/2018 16:10,12/13/2020 18:14,riskiq,
mysommerce.com,4/18/2018 5:39,12/13/2020 18:14,riskiq,
osemgroup.net,4/20/2018 16:56,12/13/2020 18:14,riskiq,
owlgram.net,5/17/2018 1:15,12/13/2020 18:14,riskiq,
panelgram.net,4/20/2018 16:57,12/13/2020 18:14,riskiq,
instabananas.com,6/6/2018 16:44,12/13/2020 18:14,riskiq,
myroyalmedia.com,5/22/2018 20:46,12/13/2020 18:14,riskiq,
socialboosterhub.com,4/19/2018 14:14,12/13/2020 18:14,riskiq,
snsdi2.com,4/19/2018 12:21,12/13/2020 18:14,riskiq,
revendalikeinsta.com,4/20/2018 8:01,12/13/2020 18:14,riskiq,
qdyl.me,5/4/2018 13:20,12/13/2020 18:14,riskiq,
asiafansreseller.com,5/30/2018 18:24,12/13/2020 18:14,riskiq,
smmstudia.com,5/30/2018 18:24,12/13/2020 18:14,riskiq,
cheapservicesmm.com,5/30/2018 18:24,12/13/2020 18:14,riskiq,
sosyalmerkezim.com,4/19/2018 14:30,12/13/2020 18:14,riskiq,
painel256.com,4/20/2018 23:07,12/13/2020 18:14,riskiq,
aydemirmedia.com,4/20/2018 23:09,12/13/2020 18:14,riskiq,
fansdoors.com,6/27/2018 13:02,12/13/2020 18:14,riskiq,
fansfaster.com,4/19/2018 9:48,12/13/2020 18:14,riskiq,
mysmmstore.com,4/18/2018 7:25,12/13/2020 18:14,riskiq,
instamarkam.com,4/20/2018 15:06,12/13/2020 18:14,riskiq,
followadd.com,4/25/2018 5:31,12/13/2020 18:14,riskiq,
cestir.org,5/29/2018 15:04,12/13/2020 18:14,riskiq,
yiui.com,4/20/2018 13:43,12/13/2020 18:14,riskiq,
grampanelvip.com,4/21/2018 0:14,12/13/2020 18:14,riskiq,
sociamarket.com,4/19/2018 15:09,12/13/2020 18:14,riskiq,
smmthai.com,6/8/2018 7:23,12/13/2020 18:14,riskiq,
socialmarketing.vip,4/19/2018 11:28,12/13/2020 18:14,riskiq,
liker4u.com,4/20/2018 1:37,12/13/2020 18:14,pingly|riskiq,
smm4us.com,4/20/2018 6:14,12/13/2020 18:14,riskiq,
panel-socialhero.online,4/20/2018 22:51,12/13/2020 18:14,riskiq,
getsmmservices.online,4/20/2018 14:42,12/13/2020 18:14,riskiq,
gunaydinmedia.online,5/31/2018 3:42,12/13/2020 18:14,riskiq,
fastnewfans.com,6/27/2018 0:05,12/13/2020 18:14,riskiq,
smm24.online,4/20/2018 1:05,12/13/2020 18:14,riskiq,
smmctg.com,4/20/2018 10:20,12/13/2020 18:14,riskiq,
operativeforce.com,5/31/2018 21:58,12/13/2020 18:14,riskiq,
cheapestpanel.com,6/26/2018 7:29,12/13/2020 18:14,riskiq,
takipcivebegenievi.com,6/3/2018 18:38,12/13/2020 18:14,riskiq,
xeyoxsmm.com,4/19/2018 18:27,12/13/2020 18:14,riskiq,
firmatakipci.com,5/21/2018 7:06,12/13/2020 18:14,riskiq,
instantsocialtraffic.com,5/24/2018 7:16,12/13/2020 18:14,riskiq,
socializemeup.com,4/19/2018 20:05,12/13/2020 18:14,riskiq,
seguidores.app,5/14/2018 7:14,12/13/2020 18:14,riskiq,
server-mtab3en.com,5/30/2018 18:29,12/13/2020 18:14,riskiq,
wondersmm.com,6/2/2018 17:07,12/13/2020 18:14,riskiq,
likebayi.com,6/8/2018 7:28,12/13/2020 18:14,riskiq,
highendsmm.com,6/2/2018 5:47,12/13/2020 18:14,riskiq,
avismm.com,4/20/2018 18:30,12/13/2020 18:14,riskiq,
smmxl.com,4/20/2018 5:41,12/13/2020 18:14,riskiq,
aspanel.net,6/22/2018 2:28,12/13/2020 18:14,riskiq,
alfahadliker.net,4/30/2018 23:43,12/13/2020 18:14,riskiq,
albasocial.net,7/9/2018 14:37,12/13/2020 18:14,riskiq,
goodsns.net,4/19/2018 22:38,12/13/2020 18:14,riskiq,
getsmmservice.net,4/19/2018 9:21,12/13/2020 18:14,riskiq,
gaintrain.net,5/14/2018 17:19,12/13/2020 18:14,riskiq,
topfollows.com,4/20/2018 22:30,12/13/2020 18:14,riskiq,
esportsbetexperts.com,6/29/2018 6:49,12/13/2020 18:14,riskiq,
vicbooster.com,4/20/2018 4:35,12/13/2020 18:14,riskiq,
socialiterr.com,4/26/2018 3:46,12/13/2020 18:14,riskiq,
smmpanel.xyz,5/9/2018 9:21,12/13/2020 18:14,riskiq,
smmcage.com,4/18/2018 8:14,12/13/2020 18:14,riskiq,
buyallsocial.com,6/19/2018 13:26,12/13/2020 18:14,riskiq,
brasilcurtidaspainel.com,6/14/2018 2:53,12/13/2020 18:14,riskiq,
smmfort.com,6/11/2018 11:52,12/13/2020 18:14,riskiq,
bitsdirector.com,4/30/2018 3:04,12/13/2020 18:14,riskiq,
mesitec.com,7/6/2018 0:06,12/13/2020 18:14,riskiq,
zyadat.com,6/4/2018 7:43,12/13/2020 18:14,riskiq,
fbsmmpanel.com,4/22/2018 11:49,12/13/2020 18:14,riskiq,
paulovendas.com,5/5/2018 5:24,12/13/2020 18:14,riskiq,
smmimprove.com,5/6/2018 1:49,12/13/2020 18:14,riskiq,
followersfast.net,5/25/2018 15:18,12/13/2020 18:14,riskiq,
followthai.net,4/20/2018 19:17,12/13/2020 18:14,riskiq,
viralereal.com,6/28/2018 17:48,12/13/2020 18:14,riskiq,
upoubrasil.com,5/22/2018 22:19,12/13/2020 18:14,riskiq,
onefitnessnation.com,5/12/2018 14:32,12/13/2020 18:14,riskiq,
youtubepr.com,4/21/2018 0:08,12/13/2020 18:14,riskiq,
famoustroke.com,4/20/2018 13:32,12/13/2020 18:14,riskiq,
fekrah-services.com,4/20/2018 16:43,12/13/2020 18:14,riskiq,
checklike.club,7/1/2018 7:00,12/13/2020 18:14,riskiq,
rosepanel.com,4/19/2018 9:55,12/13/2020 18:14,riskiq,
instakipcibayi.com,5/18/2018 13:44,12/13/2020 18:14,riskiq,
cheapsmm.club,6/1/2018 17:33,12/13/2020 18:14,riskiq,
follower99.com,6/7/2018 11:44,12/13/2020 18:14,riskiq,
socialmediablasters.in,7/8/2018 8:20,12/13/2020 18:14,riskiq,
socialfollow.in,6/24/2018 11:20,12/13/2020 18:14,riskiq,
socialpinnacle.com,6/17/2018 5:48,12/13/2020 18:14,riskiq,
sm-influe.com,6/18/2018 12:53,12/13/2020 18:14,riskiq,
smmworld.org,7/10/2018 4:14,12/13/2020 18:14,riskiq,
www.smmhizmetlerim.com,7/14/2018 23:30,12/13/2020 18:14,riskiq,
instastolk.com,5/14/2018 13:35,12/13/2020 18:14,riskiq,
thesocialking.org,7/11/2018 3:27,12/13/2020 18:14,riskiq,
sosyalelit.com,4/19/2018 13:51,12/13/2020 18:14,riskiq,
www.fkfollowers.com,5/22/2018 9:43,12/13/2020 18:14,riskiq,
targetedyt.xyz,7/10/2018 10:11,12/13/2020 18:14,riskiq,
socialike.org,4/29/2018 20:59,12/13/2020 18:14,riskiq,
my.perfectpanel.com,7/13/2018 12:09,12/13/2020 18:14,riskiq,
socialsupplier.it,5/6/2018 5:51,12/13/2020 18:14,riskiq,
phpdesignsolutions.org,5/23/2018 17:35,12/13/2020 18:14,riskiq,
socialshop.io,4/24/2018 6:33,12/13/2020 18:14,riskiq,
medyapaket.com,5/17/2018 7:28,12/13/2020 18:14,riskiq,
mnclub.biz,7/7/2018 17:23,12/13/2020 18:14,riskiq,
www.avismm.com,7/12/2018 23:06,12/13/2020 18:14,riskiq,
www.kurumedya.com,7/12/2018 8:03,12/13/2020 18:14,riskiq,
resell.fun,6/3/2018 1:19,12/13/2020 18:14,riskiq,
instapoppin.co,6/12/2018 21:59,12/13/2020 18:14,riskiq,
joprono.eu,6/29/2018 12:20,12/13/2020 18:14,riskiq,
vavekprod.fr,6/1/2018 10:59,12/13/2020 18:14,riskiq,
ghosty.me,6/26/2018 1:52,12/13/2020 18:14,riskiq,
panel.jetsosyal.com,6/25/2018 5:18,12/13/2020 18:14,riskiq,
speedsmm.org,5/17/2018 14:39,12/13/2020 18:14,riskiq,
smm.uno,6/5/2018 2:06,12/13/2020 18:14,riskiq,
cheapsmm.in,4/20/2018 16:10,12/13/2020 18:14,riskiq,
quicksocial.xyz,5/15/2018 10:05,12/13/2020 18:14,riskiq,
getlikethai.me,5/24/2018 13:12,12/13/2020 18:14,riskiq,
proofoid.com,7/2/2018 2:32,12/13/2020 18:14,riskiq,
growfollowig.com,4/20/2018 21:44,12/13/2020 18:14,riskiq,
upetrd.com,5/16/2018 13:29,12/13/2020 18:14,riskiq,
turbomidia.com,5/18/2018 11:43,12/13/2020 18:14,riskiq,
smmauto.com,4/19/2018 17:41,12/13/2020 18:14,riskiq,
socialbarrister.com,4/20/2018 18:48,12/13/2020 18:14,riskiq,
socialfollowerspro.com,6/27/2018 15:55,12/13/2020 18:14,riskiq,
dionetest.com,5/9/2018 4:49,12/13/2020 18:14,riskiq,
affiliatetubepanel.com,5/10/2018 14:31,12/13/2020 18:14,riskiq,
sosmedyo.com,5/12/2018 14:52,12/13/2020 18:14,riskiq,
likesbrasilfollow.com.br,6/27/2018 5:14,12/13/2020 18:14,riskiq,
agenciafreire.com.br,6/22/2018 19:10,12/13/2020 18:14,riskiq,
halwastore.top,5/30/2018 5:13,12/13/2020 18:14,riskiq,
followarab.com,4/19/2018 9:55,12/13/2020 18:14,riskiq,
smm-shop.net,5/8/2018 4:33,12/13/2020 18:14,riskiq,
goinsta.pro,5/16/2018 3:04,12/13/2020 18:14,riskiq,
followsmm.com,5/16/2018 16:58,12/13/2020 18:14,riskiq,
exantria.com,5/12/2018 22:23,12/13/2020 18:14,riskiq,
followtrains.ca,4/23/2018 18:05,12/13/2020 18:14,riskiq,
wowsmmpanel.com,4/20/2018 0:19,12/13/2020 18:14,riskiq,
massmediaking.com,5/11/2018 9:23,12/13/2020 18:14,riskiq,
takipcimipanel.com,4/20/2018 0:46,12/13/2020 18:14,riskiq,
surprisestore.global,5/22/2018 1:47,12/13/2020 18:14,riskiq,
mayfollowers.com,7/5/2018 13:08,12/13/2020 18:14,riskiq,
aksoymedya.com,5/6/2018 16:49,12/13/2020 18:14,riskiq,
artistservice.es,7/2/2018 0:42,12/13/2020 18:14,riskiq,
reghd.com,5/8/2018 3:54,12/13/2020 18:14,riskiq,
nowsinghsaab.com,4/20/2018 6:51,12/13/2020 18:14,riskiq,
www.smmclout.com,7/5/2018 8:38,12/13/2020 18:14,riskiq,
wypromowani.pl,6/23/2018 6:40,12/13/2020 18:14,riskiq,
followtrain.org,4/25/2018 12:29,12/13/2020 18:14,riskiq,
justinstantpanel.com,5/30/2018 1:22,12/13/2020 18:14,riskiq,
ig-boost.com,5/4/2018 8:40,12/13/2020 18:14,riskiq,
buyfolloweronline.com,5/5/2018 8:17,12/13/2020 18:14,riskiq,
like-insta.com,7/3/2018 14:19,12/13/2020 18:14,riskiq,
hispanosocial.com,5/5/2018 12:53,12/13/2020 18:14,riskiq,
smmpanelreseller.com,5/3/2018 5:54,12/13/2020 18:14,riskiq,
hummerlike.com,5/3/2018 3:39,12/13/2020 18:14,riskiq,
panel.greensocials.com,5/18/2018 15:46,12/13/2020 18:14,riskiq,
teknotakipci.com,4/19/2018 12:15,12/13/2020 18:14,riskiq,
bombernet.com.br,5/14/2018 17:41,12/13/2020 18:14,riskiq,
akbogamedya.com,6/22/2018 3:52,12/13/2020 18:14,riskiq,
smmlove.com,4/20/2018 3:21,12/13/2020 18:14,riskiq,
haidarr.org,7/1/2018 11:09,12/13/2020 18:14,riskiq,
topviral.my,6/19/2018 21:07,12/13/2020 18:14,riskiq,
instamad.co,6/1/2018 1:11,12/13/2020 18:14,riskiq,
sinadadashi.com,5/6/2018 3:00,12/13/2020 18:14,riskiq,
instazia.com,4/20/2018 2:40,12/13/2020 18:14,riskiq,
instadivulga.com.br,7/1/2018 12:12,12/13/2020 18:14,riskiq,
www.ogpanel.com,6/19/2018 10:43,12/13/2020 18:14,riskiq,
99followers.com,5/3/2018 23:49,12/13/2020 18:14,riskiq,
mediakingspanel.com,4/29/2018 7:34,12/13/2020 18:14,riskiq,
ubersocials.store,4/19/2018 21:56,12/13/2020 18:14,riskiq,
smmpanelusa.com,4/20/2018 12:08,12/13/2020 18:14,riskiq,
avengerpanel.com,5/3/2018 13:16,12/13/2020 18:14,riskiq,
alphasocial.net,5/10/2018 14:32,12/13/2020 18:14,riskiq,
solidfans.com,5/1/2018 17:01,12/13/2020 18:14,riskiq,
brokersmm.com,4/29/2018 23:29,12/13/2020 18:14,riskiq,
turinwy.xyz,6/15/2018 12:05,12/13/2020 18:14,riskiq,
www.medyabayim.com,6/29/2018 23:46,12/13/2020 18:14,riskiq,
folliwiz.com,5/3/2018 11:24,12/13/2020 18:14,riskiq,
smdpanel.com,4/21/2018 0:59,12/13/2020 18:14,riskiq,
frazu.com,5/2/2018 7:31,12/13/2020 18:14,riskiq,
grovusmm.com,5/2/2018 17:12,12/13/2020 18:14,riskiq,
onlinesocialpromotion.com,4/19/2018 7:26,12/13/2020 18:14,riskiq,
smmlo.com,4/19/2018 21:55,12/13/2020 18:14,riskiq,
instagrammentions.com,4/19/2018 17:26,12/13/2020 18:14,riskiq,
2smo.com,4/15/2018 23:11,12/13/2020 18:14,pingly|riskiq,
smmcenter.org,5/5/2018 9:17,12/13/2020 18:14,riskiq,
spotifymarketing.com,5/14/2018 19:23,12/13/2020 18:14,riskiq,
the9shop.co.kr,6/27/2018 12:21,12/13/2020 18:14,riskiq,
iuumusicmarketing.com,5/25/2018 9:44,12/13/2020 18:14,riskiq,
izlenme.com,4/20/2018 8:03,12/13/2020 18:14,riskiq,
hospitulpanel.xyz,6/26/2018 1:31,12/13/2020 18:14,riskiq,
impactmidia.com.br,4/30/2018 20:54,12/13/2020 18:14,riskiq,
appseguidores.com.br,5/27/2018 3:14,12/13/2020 18:14,riskiq,
smmcheap.co,4/25/2018 21:10,12/13/2020 18:14,riskiq,
snsking.kr,6/24/2018 13:19,12/13/2020 18:14,riskiq,
no1smmpanel.com,4/18/2018 14:49,12/13/2020 18:14,riskiq,
thefollowerfactory.com,5/14/2018 5:44,12/13/2020 18:14,riskiq,
sociallking.com,4/19/2018 12:21,12/13/2020 18:14,riskiq,
seja.social,4/20/2018 22:01,12/13/2020 18:14,riskiq,
socialpanels.cf,5/24/2018 13:32,12/13/2020 18:14,riskiq,
sosyalarazi.com,5/25/2018 0:01,12/13/2020 18:14,riskiq,
decorlepnina.ru,5/23/2018 22:40,12/13/2020 18:14,riskiq,
sosyalmekanim.com,4/23/2018 0:32,12/13/2020 18:14,riskiq,
instagramfollowers.pl,6/8/2018 15:22,12/13/2020 18:14,riskiq,
www.sosyalbayiniz.net,6/17/2018 15:13,12/13/2020 18:14,riskiq,
bulk.media,5/19/2018 14:54,12/13/2020 18:14,riskiq,
bayipanelim.net,4/19/2018 5:05,12/13/2020 18:14,riskiq,
smmfull.com,4/19/2018 11:44,12/13/2020 18:14,riskiq,
panaceasmm.com,4/22/2018 6:33,12/13/2020 18:14,riskiq,
tmedyacim.com,4/19/2018 14:04,12/13/2020 18:14,riskiq,
ins0101.com,4/18/2018 0:14,12/13/2020 18:14,riskiq,
sosyal-medyam.com,4/20/2018 18:42,12/13/2020 18:14,riskiq,
internetbots.xyz,6/3/2018 17:19,12/13/2020 18:14,riskiq,
trsmmpanel.com,4/17/2018 19:15,12/13/2020 18:14,riskiq,
cheapliker.com,4/20/2018 2:53,12/13/2020 18:14,riskiq,
hizmetpanelin.com,4/18/2018 9:57,12/13/2020 18:14,riskiq,
nanosmm.com,4/17/2018 21:57,12/13/2020 18:14,riskiq,
smmleaders.com,4/17/2018 15:53,12/13/2020 18:14,riskiq,
aladmins.com,4/18/2018 3:19,12/13/2020 18:14,riskiq,
femesgroup.com,4/18/2018 3:58,12/13/2020 18:14,riskiq,
fastestpanel.com,4/19/2018 4:03,12/13/2020 18:14,riskiq,
uber-booster.com,4/20/2018 21:51,12/13/2020 18:14,riskiq,
digitalsolutionpanel.com,4/19/2018 7:09,12/13/2020 18:14,riskiq,
santaipanel.com,4/17/2018 11:35,12/13/2020 18:14,riskiq,
baygartakip.com,4/17/2018 10:12,12/13/2020 18:14,riskiq,
snson.co.kr,6/1/2018 4:12,12/13/2020 18:14,riskiq,
megafollows.com,4/19/2018 15:52,12/13/2020 18:14,riskiq,
smmhoney.com,5/24/2018 8:19,12/13/2020 18:14,riskiq,
followers-uae.com,4/19/2018 13:02,12/13/2020 18:14,riskiq,
cssmedya.com,4/18/2018 5:19,12/13/2020 18:14,riskiq,
bakiyelitakipci.com,4/19/2018 0:22,12/13/2020 18:14,riskiq,
siteworthget.com,4/20/2018 5:40,12/13/2020 18:14,riskiq,
brasilsmm.com,5/31/2018 7:05,12/13/2020 18:14,riskiq,
mediapromot.com,5/18/2018 7:48,12/13/2020 18:14,riskiq,
sosyalmediahizmetleri.com,4/19/2018 0:05,12/13/2020 18:14,riskiq,
ytserv.ru,4/19/2018 16:34,12/13/2020 18:14,riskiq,
sayalikes.com,4/20/2018 2:05,12/13/2020 18:14,riskiq,
smmpanelhub.com,4/19/2018 13:43,12/13/2020 18:14,riskiq,
dmmfamous.com,4/19/2018 14:33,12/13/2020 18:14,riskiq,
vip-smartsocmed.com,4/19/2018 15:47,12/13/2020 18:14,riskiq,
aussiefame.com,4/20/2018 11:13,12/13/2020 18:14,riskiq,
mediasmm.com,4/21/2018 1:09,12/13/2020 18:14,riskiq,
smmninja.pro,5/3/2018 20:55,12/13/2020 18:14,riskiq,
smmsmart.net,4/21/2018 4:16,12/13/2020 18:14,riskiq,
sunsmm.net,4/21/2018 1:47,12/13/2020 18:14,pingly|riskiq,
maisseguidoresnasredes.com,4/18/2018 23:54,12/13/2020 18:14,riskiq,
www.famearmy.com,6/7/2018 22:21,12/13/2020 18:14,pingly,
smmjames.com,4/19/2018 17:10,12/13/2020 18:14,riskiq,
service-smm.ru,4/19/2018 0:17,12/13/2020 18:14,riskiq,
socialjumps.com,5/4/2018 2:19,12/13/2020 18:14,riskiq,
smartsocmed.com,4/20/2018 14:50,12/13/2020 18:14,riskiq,
osemgroup.biz,4/20/2018 2:41,12/13/2020 18:14,riskiq,
idrytechnology.com,4/20/2018 8:18,12/13/2020 18:14,riskiq,
tanielajki.pl,6/5/2018 3:21,12/13/2020 18:14,riskiq,
buyviralfans.com,4/19/2018 16:12,12/13/2020 18:14,pingly|riskiq,
vip-smm.com,4/19/2018 18:05,12/13/2020 18:14,riskiq,
paineldivulgabrasil.com,4/20/2018 21:47,12/13/2020 18:14,riskiq,
likes4days.com,4/19/2018 11:06,12/13/2020 18:14,riskiq,
khdmat-insta.com,4/19/2018 10:59,12/13/2020 18:14,riskiq,
socialblitz.org,5/30/2018 8:39,12/13/2020 18:14,riskiq,
sosyalmedya.online,4/20/2018 22:51,12/13/2020 18:14,riskiq,
buyfanshk.com,4/20/2018 15:03,12/13/2020 18:14,riskiq,
active-likes.com,4/19/2018 17:36,12/13/2020 18:14,riskiq,
gaininstant.com,4/18/2018 2:29,12/13/2020 18:14,riskiq,
mfmevents.me,5/24/2018 20:44,12/13/2020 18:14,riskiq,
45mints.com,4/19/2018 0:20,12/13/2020 18:14,riskiq,
gammalikes.com,5/31/2018 12:20,12/13/2020 18:14,riskiq,
time-e.com,4/19/2018 13:42,12/13/2020 18:14,riskiq,
fbfanslikes.com,4/19/2018 9:33,12/13/2020 18:14,pingly|riskiq,
zbikpanel.com,4/19/2018 11:00,12/13/2020 18:14,riskiq,
takipcimarketi.com,5/1/2018 13:19,12/13/2020 18:14,riskiq,
smmpanelgag.com,4/19/2018 22:42,12/13/2020 18:14,riskiq,
social-platforms.com,4/19/2018 16:17,12/13/2020 18:14,riskiq,
instantclout.com,4/19/2018 14:27,12/13/2020 18:14,riskiq,
hivronmedya.com,5/15/2018 19:59,12/13/2020 18:14,riskiq,
socialpauta.com,4/19/2018 14:40,12/13/2020 18:14,riskiq,
my.visitorstay.com,5/29/2018 3:45,12/13/2020 18:14,riskiq,
oneinstapanel.com,5/21/2018 21:53,12/13/2020 18:14,riskiq,
logains.com,4/29/2018 15:14,12/13/2020 18:14,riskiq,
snsspeed.com,4/19/2018 16:02,12/13/2020 18:14,riskiq,
mixmastaking.com,5/4/2018 14:27,12/13/2020 18:14,riskiq,
followers-fans.com,5/16/2018 12:31,12/13/2020 18:14,riskiq,
kryckor.com,4/19/2018 11:12,12/13/2020 18:14,riskiq,
smmpanel.org,4/20/2018 0:32,12/13/2020 18:14,riskiq,
ytviews.net,5/12/2018 12:28,12/13/2020 18:14,riskiq,
smm-cloud.com,5/8/2018 7:24,12/13/2020 18:14,riskiq,
enewy-sro.com,5/26/2018 5:08,12/13/2020 18:14,riskiq,
kuwsocial.com,4/19/2018 18:02,12/13/2020 18:14,riskiq,
dcfollower.com,4/20/2018 0:56,12/13/2020 18:14,riskiq,
smmlikeview.com,4/20/2018 9:59,12/13/2020 18:14,riskiq,
bayimedya.com,4/19/2018 0:40,12/13/2020 18:14,riskiq,
isocialgram.com,5/26/2018 0:29,12/13/2020 18:14,riskiq,
takipcimakinasi.com,4/20/2018 10:55,12/13/2020 18:14,riskiq,
smm.tc,5/25/2018 2:26,12/13/2020 18:14,riskiq,
smmsunny.com,4/20/2018 22:18,12/13/2020 18:14,riskiq,
panelcheap.com,4/20/2018 8:19,12/13/2020 18:14,riskiq,
kuwaitsmm.com,4/18/2018 23:54,12/13/2020 18:14,riskiq,
takipcisitesi.net,4/19/2018 23:40,12/13/2020 18:14,riskiq,
followiza.com,4/20/2018 3:08,12/13/2020 18:14,riskiq,
tracesmm.com,4/20/2018 15:58,12/13/2020 18:14,riskiq,
special-likes.club,5/2/2018 10:26,12/13/2020 18:14,riskiq,
www.hitsocialmarketing.com,5/3/2018 6:32,12/13/2020 18:14,riskiq,
revendasociais.com,4/20/2018 18:51,12/13/2020 18:14,riskiq,
voxfollowers.com,4/20/2018 18:49,12/13/2020 18:14,riskiq,
x989x.com,4/19/2018 22:55,12/13/2020 18:14,riskiq,
www.socialpanel24.com,5/19/2018 8:48,12/13/2020 18:14,riskiq,
fansgar.co,4/19/2018 14:39,12/13/2020 18:14,riskiq,
bestsmm.pro,4/23/2018 15:00,12/13/2020 18:14,riskiq,
bozkurtmedia.com,5/17/2018 1:35,12/13/2020 18:14,riskiq,
www.justanotherpanel.com,4/30/2018 0:47,12/13/2020 18:14,riskiq,
socialfamez.com,4/19/2018 15:54,12/13/2020 18:14,riskiq,
osemgeng.ml,4/25/2018 14:41,12/13/2020 18:14,riskiq,
revendafk.com.br,5/13/2018 16:31,12/13/2020 18:14,riskiq,
www.nanosmm.com,5/16/2018 8:02,12/13/2020 18:14,riskiq,
juttsmmservice.com,4/19/2018 11:51,12/13/2020 18:14,riskiq,
instareklam.net,4/19/2018 21:02,12/13/2020 18:14,riskiq,
socialviral.shop,4/19/2018 14:37,12/13/2020 18:14,riskiq,
smagencytools.com,4/19/2018 12:26,12/13/2020 18:14,riskiq,
smmproviderpanel.com,4/20/2018 9:37,12/13/2020 18:14,riskiq,
goviralserver.com,4/20/2018 6:34,12/13/2020 18:14,riskiq,
instaguru.biz,4/20/2018 2:43,12/13/2020 18:14,riskiq,
top100chat.ru,4/24/2018 17:57,12/13/2020 18:14,riskiq,
bayilikpanel.com,4/20/2018 10:19,12/13/2020 18:14,riskiq,
revendaseguidores.com,4/20/2018 5:31,12/13/2020 18:14,riskiq,
followers.fans,4/19/2018 14:39,12/13/2020 18:14,riskiq,
panel.redsocial.net,5/10/2018 6:14,12/13/2020 18:14,riskiq,
www.arabsmm.com,5/9/2018 19:41,12/13/2020 18:14,riskiq,
vipsmm.net,4/19/2018 23:47,12/13/2020 18:14,riskiq,
smmpanel.mobi,4/20/2018 10:29,12/13/2020 18:14,riskiq,
smmcap.com,4/19/2018 12:37,12/13/2020 18:14,riskiq,
sosyalmedyaislemleri.com,4/19/2018 16:37,12/13/2020 18:14,riskiq,
subspro.net,4/19/2018 23:35,12/13/2020 18:14,riskiq,
like-project.com,4/20/2018 1:21,12/13/2020 18:14,riskiq,
fansgroup.org,5/5/2018 13:59,12/13/2020 18:14,riskiq,
instasmm.net,5/7/2018 5:49,12/13/2020 18:14,riskiq,
perfect-push.com,4/19/2018 12:44,12/13/2020 18:14,riskiq,
www.turktakipcihilesi.com,5/5/2018 1:07,12/13/2020 18:14,riskiq,
followershub.co,4/20/2018 5:56,12/13/2020 18:14,riskiq,
socifollow.com,5/4/2018 7:44,12/13/2020 18:14,riskiq,
socialbuy.net,4/19/2018 9:17,12/13/2020 18:14,riskiq,
fenomenmenajeri.com,4/20/2018 23:08,12/13/2020 18:14,riskiq,
lesosyal.com,4/20/2018 23:09,12/13/2020 18:14,riskiq,
osemgroups.vip,4/19/2018 11:28,12/13/2020 18:14,riskiq,
sell.cyberxcrime.com,4/25/2018 13:49,12/13/2020 18:14,riskiq,
smoothwaave.com,4/30/2018 19:25,12/13/2020 18:14,riskiq,
ighype.pro,5/2/2018 17:50,12/13/2020 18:14,riskiq,
buyviews.me,4/20/2018 13:19,12/13/2020 18:14,riskiq,
bigggsalepanel.com,4/19/2018 12:00,12/13/2020 18:14,riskiq,
celebimedya.org,4/30/2018 20:18,12/13/2020 18:14,riskiq,
www.ozfollowers.com,4/30/2018 0:25,12/13/2020 18:14,riskiq,
socialmedia.trading,4/19/2018 18:55,12/13/2020 18:14,riskiq,
famemake.com,4/19/2018 0:45,12/13/2020 18:14,riskiq,
vip-smartsocmed.net,4/20/2018 8:32,12/13/2020 18:14,riskiq,
socialmedia-bay.com,4/19/2018 12:02,12/13/2020 18:14,riskiq,
socialmediabakery.com,4/20/2018 13:40,12/13/2020 18:14,riskiq,
cheapsocials.com,4/16/2018 15:26,12/13/2020 18:14,riskiq,
autoinstalikes.com,4/20/2018 10:21,12/13/2020 18:14,riskiq,
appartmen.com,4/19/2018 19:25,12/13/2020 18:14,riskiq,
sosyalbayilik.net,4/19/2018 23:34,12/13/2020 18:14,riskiq,
www.sebayi.com,4/24/2018 18:12,12/13/2020 18:14,riskiq,
xpanel.pro,4/24/2018 14:51,12/13/2020 18:14,riskiq,
karakayamedya.com,4/19/2018 11:12,12/13/2020 18:14,riskiq,
smmpanelin.com,4/20/2018 2:07,12/13/2020 18:14,riskiq,
www.instapoppinpalace.com,4/22/2018 22:09,12/13/2020 18:14,riskiq,
instalikepro.com,4/19/2018 9:08,12/13/2020 18:14,riskiq,
smmflix.com,4/21/2018 1:33,12/13/2020 18:14,riskiq,
lojamaxglam.com,4/20/2018 11:14,12/13/2020 18:14,riskiq,
tncsosyalmedya.com,4/19/2018 11:22,12/13/2020 18:14,riskiq,
bingosnsserivce.com,4/19/2018 11:47,12/13/2020 18:14,riskiq,
socialmediabaron.net,4/19/2018 9:14,12/13/2020 18:14,riskiq,
vipsmm.biz,4/19/2018 0:45,12/13/2020 18:14,riskiq,
autogetfollows.com,4/19/2018 0:21,12/13/2020 18:14,riskiq,
sheeraz.social,4/20/2018 22:10,12/13/2020 18:14,riskiq,
sancakstakip.com,4/19/2018 13:32,12/13/2020 18:14,riskiq,
bayilikpanelinis.com,4/20/2018 19:55,12/13/2020 18:14,riskiq,
cheapsocialservice.com,4/20/2018 15:09,12/13/2020 18:14,riskiq,
socialcampaign.co,4/20/2018 13:35,12/13/2020 18:14,riskiq,
pushme.one,4/19/2018 18:54,12/13/2020 18:14,riskiq,
smmfollows.net,4/20/2018 10:04,12/13/2020 18:14,riskiq,
paineldmsocial.com,4/20/2018 3:30,12/13/2020 18:14,riskiq,
pksocialorders.com,4/18/2018 23:53,12/13/2020 18:14,riskiq,
comprafollowers.cloud,4/20/2018 4:24,12/13/2020 18:14,riskiq,
seguidoresbrazil.com,4/20/2018 2:59,12/13/2020 18:14,riskiq,
welldee.ru,4/18/2018 10:59,12/13/2020 18:14,riskiq,
evosmm.com,4/17/2018 23:46,12/13/2020 18:14,riskiq,
